Query,PubChem
4-NONYLPHENOL,1752
NCGC00381421-01_2-ethyl-4-_Z_-2-_3-formamido-2-hydroxybenzoyl_amino_but-2-enoyl_oxy-3-_2-methylbutanoyloxy_pentanoic acid,75528849
Thr-Val-Leu,49864481
Glu-Phe,18653118
Methyl 2-_3-formamido-2-hydroxybenzoyl_amino_-3-hydroxybutanoate,23789044
Adenosine 2_-monophosphate,94136
Guanosine 5_-diphospho-.beta.-L-fucose,135412609
L-.gamma.-Glutamyl-L-glutamic acid,92865
URIDINE 5_-DIPHOSPHOGLUCURONIC ACID,17473
Cytidine monophosphate,6131
L-Cysteine-glutathione disulfide,10455148
"5,6-Dimethylbenzimidazole",675
"2,4-Di-tert-butylphenol",7311
"9-_2,3-Dihydroxypropoxy_-9-oxononanoic acid",45783154
4-Dodecylbenzenesulfonic acid,8485
ANTIMYCIN A _A1 shown,5702199
"Simvastatin, Sodium Salt",16760655
".alpha.,.alpha.,.alpha.-Trifluorothymidine",6256
Mevinic acid,446154
5-Fluorouridine,9427
ADENINE,190
PEPSTATIN A,5478883
Bestatin _hydrochloride,72172
Epibestatin hydrochloride,9995423
INOSINE,6021
D-Tryptophan,6305
Pantothenic acid,6613
Uridine diphosphate-N-acetylglucosamine,445675
Glu-Gln,10171586
UDP-glucose,8629
Uridine 5_-monophosphate,6030
Ribose 1-phosphate,439236
Citric acid,311
Glucose 1-phosphate,65533
"Glutathione, oxidized",65359
1-_3-Methylphenyl_-4-piperidinamine,23461900
Acenapthylene,9161
4-Methylphthalic anhydride,88069
Trp-Cys,19762195
Rilmenidine,68712
_-alpha-Methyl-4-carboxyphenylglycine,446355
CocamidopropylBetaine,20280
2-Methylbutyroylcarnitine,6426901
8-Hydroxyquinoline,1923
Docosan-1-amine,84218
cyclandelate,2893
PGPC,46907872
6-Methylquinoline,7059
Indole,798
_-Propionylcarnitine,107738
N-_2-_dimethylamino_-2-phenylethyl_-4-methylbenzenesulfonamide,2947388
Thiamine,1130
4-Ethylbenzene-1-sulfonamide,222870
N_-Acetyl-L-arginine,67427
Ala Val Val,145453725
METHACHOLINE,1993
Dicyclohexylamine,7582
Glu Pro Arg,145455472
Arg Gly Glu,53662383
Thr Thr Arg,145458202
Pro Glu,194260
Hexamethylcyclotrisiloxane,10914
V-PYRRO_NO,9605288
Glu Ser,6995653
Deoxyadenosine monophosphate,12599
Glycerophospho-N-Palmitoyl Ethanolamine,53393933
Glu Gln Gln,145455357
Lys Ser,151428
Gln Lys,71363012
Arg Glu,6995004
.beta.-Nicotinamide adenine dinucleotide phosphate,5885
ADMA,123831
"2-Ethyl-1,2,3,4-tetrahydroisoquinolin-5-amine",18687359
Estrone,5870
Chamazulene,10719
"1,2-Dioleoyl-sn-glycerol",9543716
Phthalic anhydride,6811
Dipalmitolein _9c,14275348
N-Palmitoylsphingosine,5283564
Di_2-ethylhexyl_ phthalate,8343
Docosanamide,76468
Cycloxydim-TP BH 517-TSO E_Z-isomer,145740499
N-Oleoylethanolamine,5283454
13E-Docosenamide,5365369
Antimycin A1,12550
Koninginin A,10934979
Resolvin D2 methyl ester,101354717
Nephrosteranic acid,6453427
9-Fluorenone,10241
1-Stearoyl-rac-glycerol,15560610
Pipericine,101713141
Methyl geranate,5365910
4-_1-_1-cyclopentylazetidin-3-yl_methyl_-5-methylimidazol-2-yl_pyridine,124046976
Ethylene brassylate,61014
MG_18:1_9Z_0:0_0:0_rac,5283468
Monoelaidin,33022
7-keto DHEA,193313
2-Linoleoyl Glycerol,549043
trans-Cinnamic acid,444539
Simvastatin,54454
1-Monopalmitin,3084463
AVOCADENE ACETATE,25107527
Avocadene 2-acetate,45360032
Monopalmitolein _9c,9883914
N-octadecanoyl-L-Homoserine lactone,69757690
Linoleoyl Ethanolamide,5283446
Ricinoleic Acid methyl ester,5354133
Rac-trans-3-Hydroxy-1-methyl-2-pyrrolidinone-5-_3-pyridinyl_carboxylic acid,46781754
Anthraquinone,6780
"_3,5-dimethylphenyl_-_3-_2-_furan-2-yl_imidazo_4,5-b_pyridin-3-yl_pyrrolidin-1-yl_methanone",87050856
"N-_1-_3-propan-2-yl-1,2,4-oxadiazol-5-yl_cyclohexyl_pyrazine-2-carboxamide",53181947
Velvione,5362736
lovastatin,53232
3-_1-_4-fluorophenyl_sulfonylpiperidin-3-yl_propanoic acid,56828897
N-cyclohexyl-4-ethoxypiperidine-1-carboxamide,53016544
beta-Ionone,638014
Lactarorufin A,56842298
Ionene,68057
4-_3-methoxyphenyl_sulfonylmorpholine,890650
Artemisinin,68827
Mevastatin,2854
Acoric acid,25750964
"5_S_,6_R_,15_R_-Lipoxin A4",71684475
N-_1-_6-ethoxypyridin-3-yl_methyl_pyrrolidin-3-yl_-2-pyridin-3-ylacetamide,53185236
2-_Methylsulfonyl_anilino_propanoic acid,22193708
PARTHENOLIDE,108068
"_1R,5S,6S,8R_-8-Hydroxy-11-_hydroxymethyl_-1,5,11-trimethyltricyclo_6.2.1.02,6_undec-2-en-9-one",118705846
Lovastatin acid _Mevinolinic acid,64727
"NCGC00384680-01_C17H24O4_Bicyclo_7.2.0_undec-4-en-3-one, 11-_acetyloxy_methyl_-4-_hydroxymethyl_-11-methyl-8-methylene-, _1R,4Z,9S_",15601259
"1,6-Dioxacyclohexadecane-7,16-dione",94013
Lauryldiethanolamine,352309
Rasfonin,11259090
"Methyl 2-_4-ethenyl-2,6-dihydroxy-3-_3-hydroxyprop-1-en-2-yl_-4-methylcyclohexyl_prop-2-enoate",45783164
"6-_E_-2,8-Dihydroxy-5,7-dimethylnon-5-enyl_-4-hydroxy-3-methylpyran-2-one",75411942
"4,2_-Dihydroxy-3-methoxy-5_-methylchalcone",5989122
Pravastatin lactone,9931182
glycohyodeoxycholic acid,13955650
HIMBACINE,6436265
POV-PC,23557187
1-Palmitoyl-2-linoleoyl PE,9546747
"4-Methoxy-6-pentyl-2-prop-1-en-2-yl-2,3-dihydro-1-benzofuran-7-carboxylic acid",51136368
1-Oleoyl-sn-glycero-3-phosphocholine,16081932
"1,2-Dioleoyl-sn-glycero-3-phosphoethanolamine",9546757
1-Palmitoyl-2-myristoyl-sn-glycero-3-phosphocholine,24778679
1-Oleoyl-2-myristoyl-sn-glycero-3-phosphocholine,24778931
"1,2-Dioleoyl PC",10350317
2-Oleoyl-1-palmitoyl-sn-glycero-3-phosphocholine,5497103
Palmitoyl-L-carnitine,11953816
1-Palmitoyl-2-oleoyl-sn-glycero-3-phosphoethanolamine,5283496
4-AMINOETHYLBENZENESULFONYL FLUORIDE,16667735
1-Palmitoyl-sn-glycero-3-phosphocholine,460602
Leu Glu Ile Glu,NA
"1,2-Dilinoleoyl-sn-glycero-3-phosphocholine",5288075
Val Asp Leu Arg,NA
"1,2-Dipalmitoleoyl-sn-glycero-3-phosphocholine",24778764
2-_Aminomethyl_-4-_tert-butyl_-6-_methylsulfonyl_phenol,3038493
Niacinamide,936
4-Hydroxymandelonitrile,440104
1-Palmitoyl-2-docosahexaenoyl-sn-glycero-3-phosphocholine,6441886
N-_1H-Indol-3-ylacetyl_methionine,17580936
Hexaethylene glycol,17472
1-Myristoyl-2-palmitoyl-sn-glycero-3-phosphocholine,129657
"N-_3-ethoxypropyl_-2-_2-oxo-4,5-dihydro-3H-1-benzazepin-1-yl_acetamide",20909567
"1,2-Ditetradecanoyl-sn-glycero-3-phosphocholine",5459377
5_-Deoxy-5_-_WBR_methylthio_adenosine,439176
Diphenylcyclopropenone,65057
3-HYDROXY-4-_SUCCIN-2-YL_-CARYOLANE delta-LACTONE,6857784
"_4AS,7R,8aS_-9,9-Dimethyltetrahydro-4H-4a,7-methanobenzo_c_1,2_oxazireno_2,3-b_isothiazole 3,3-dioxide",7128360
9-Phenanthrol,10229
4-_1-Phenylcyclohexyl_phenol,1538454
3-HYDROXYFLAVONE,11349
Tetrahydrocortisol 21-acetate,71752444
Oleoyl-L-carnitine,46907933
"2,5-Dimethylbenzaldehyde",10236014
2-_3-Methoxyphenyl_sulfanyl_acetic acid,820084
Phenolsulfonphthalein,4766
Stearoyl-L-carnitine,52922056
Linoleoylcarnitine,6450015
N-Lauroylsarcosine,7348
"5-Vinyl-3,4-dihydro-1H-pyrano_3,4-c_pyridin-1-one",354616
Pyridoxine _Vitamin B6,1054
N-_Octadecanoyl_sphing-4-enine-1-phosphocholine,6453725
ELAIDYLPHOSPHOCHOLINE,14856193
SM_d18:1_16:0,9939941
9-OxoODE,9839084
OCTADECYLPHOSPHOCHOLINE,125219
5_-Deoxy-5_-methylthioadenosine,439176
Rimantadine,5071
Azacyclotridecan-2-one,13690
PG_18:1_9Z_0:0,9547135
N-_2-hydroxyethyl_-N_-_1-phenylcyclopentyl_methyl_oxamide,1989736
1-METHYLADENOSINE,27476
"1-_azepan-1-yl_-2-_3-_4-fluorophenyl_-6-methyl-_1,2_oxazolo_5,4-d_pyrimidin-4-yl_oxy_ethanone",53107855
1-_1Z-Octadecenyl_-sn-glycero-3-phosphocholine,24779527
Dodecanoylcarnitine,168381
1-_1Z-Hexadecenyl_-sn-glycero-3-phosphocholine,10917802
Butenoyl PAF,57545134
enantio-PAF C-16,2499
Oleamide,5283387
1-heptadecanoyl-sn-glycero-3-phosphocholine,24779463
1-Linoleoyl-sn-glycero-3-phosphorylcholine,11005824
PC_16:0_0:0_U_ _ PC_16:0_0:0_rac,460602
2-Docosahexaenoyl-1-stearoyl-sn-glycero-3-phosphoserine,91746196
PC_14:0_0:0,460604
Phe Val,7359122
Leupeptin,3910
Vitamin K2_20,5282367
PE_18:1_9Z_0:0,9547071
LPE 18:2,52925130
PE_16:0_0:0,9547069
LysoPE_16:1_9Z_0:0,52925129
HYPOXANTHINE,790
METHYLANABASINE,29758
1-Acetylindole,68470
_-Hexanoylcarnitine,3246938
"9H-Purine-6-thiol, 9-_tetrahydro-2-furyl_",3000792
GUANINE,764
2-_1-oxophthalazin-2-yl_acetic acid,977525
"D-Glucopyranose, 2-_3-_acetylamino_-5-_acetylmethylamino_-2,4,6-triiodobenzoyl_amino_-2-deoxy",20056604
PAz-PC,46907870
"N-Butyl-1H-1,3-benzodiazol-2-amine",284016
CYTOSINE,597
Indoline,10328
Butyryl-L-carnitine,213144
Diethylcarbamazine,3052
PANTOTHENATE,6613
Penicillin G Potassium _Benzylpenicillin,5904
5-_Methylthio_salicylic acid,597283
Methylnoradrenaline,3917
D-Biotin,171548
D-Glucoheptose,76599
"1,4-Anthraquinone",69457
4-Aminobenzamide,76079
4-Methyl-5-thiazoleethanol,1136
Acetylcarnitine,7045767
3-Guanidinopropanoate,67701
L-CARNITINE,10917
Pro Leu,444109
His Gly,101179
Val Arg,444523
3-Methyl-L-histidine,64969
S-Adenosylhomocysteine,439155
Glycerophosphocholine,657272
Glu Cys Ala,88245162
Arg Glu Ala,145453804
O-Acetyl-L-serine,99478
3-_.beta.-D-Glucopyranosyloxy_-2-methylbutanenitrile,56776200
Thr Arg,7016110
Arg Ala,7020333
Thr-Arg,7016110
Pro Asp,3838871
Thr Glu Gly,145458046
Uridine-5-diphosphoacetylglucosamine,643981
Gln Gln,7010588
2-Hydroxy-4-methoxy-5-_2-methylbut-3-en-2-yl_benzaldehyde,125416427
Glu Gln,22791125
L-HISTIDINE,6274
Lys Ala,7010504
Gly-Arg,333414
URIDINE 5_39_-DIPHOSPHOGLUCOSE,439156
Bis_2-ethylhexyl_ phthalate,8343
L-Cystine,67678
Arg Ser,7021454
Adenosine monophosphate,6083
Ethylenediaminetetraacetic acid,6049
CREATINE PHOSPHATE,587
Nicotinamide adenine dinucleotide _NAD,5892
N-Acetylglucosamine 6-phosphate,439219
Uridine monophosphate _UMP,6030
Cytidine diphosphate choline _CDPcholine,13804
Cytidine 5_-diphosphocholine,13804
PHOSPHOCHOLINE,1014
Cytidine 5_-diphosphate ethanolamine,123727
URIDINE 5_39_-DIPHOSPHOGLUCURONIC ACID,17473
ADP,6022
S-Adenosylmethionine,34756
Adenylosuccinic acid,195
FOSFOSAL,3418
N1-Acetylspermidine,496
Bis_2-ethylhexyl_ terephthalate,22932
Lys Ile,7010499
L-ARGININE,6322
GLUCONIC ACID,10690
D-Ribulose 5-phosphate,439184
_-L-Fucose 1-phosphate,65369
CMP-N-acetylneuraminic acid,448209
OPHTHALMIC ACID,7018721
L-Tyrosine,6057
Ile-Glu,18218218
Ser-Tyr,7021866
2-Methylguanosine,3035422
L-Alanyl-L-norleucine,1549453
Val-Val,107475
N-_4-Sulfamoylphenyl_methyl_acetamide,74833
"5-amino-2-_1,3-dioxooctahydro-2H-4,7-methanoisoindol-2-yl_-5-oxopentanoic acid",315878
N-_4-Aminobenzoyl_-L-glutamic acid,196473
"2,5-Dimethylbenzenesulfonic acid",11868
Asn-Leu,18218182
ALANYL-dl-PHENYLALANINE,96814
4-Hydroxybenzenesulfonic acid,4765
Val-Ile,7010531
Acetyl-L-tyrosine,68310
Ser-Trp,14409364
4-formyl Indole,333703
Flavine mononucleotide _FMN,643976
"1,4-Dihydroxynaphthalene",11305
Trp-Glu,3634442
2-Benzothiazolesulfonic acid,30647
Acetyl-DL-Leucine,70912
4-hydroxy Nonenal Glutathione,92970719
Afalaninum,2000
2_3H_-Benzothiazolone,13625
3-_Cyclohexylamino_-2-hydroxy-1-propanesulfonic acid,2733480
Sebacic acid,5192
_E_-5-Hydroxyundec-2-enoic acid,12227668
"3-_2-Methyl-3-oxo-2,5,6,7,8,8a-hexahydro-1H-naphthalen-1-yl_propanoic acid",102571644
"2,3-dinor Prostaglandin E1",16061101
Naphthofluorescein,3124834
1-Myristoyl-2-hydroxy-sn-glycero-3-phosphoethanolamine,9547070
"3-_Hepta-1,3-dienyl_hexanedioic acid",156602850
"3,5,9-Trioxa-4-phosphatetracosan-1-aminium, 7-_acetyloxy_-24-carboxy-4-hydroxy-N,N,N-trimethyl-, inner salt, 4-oxide, _R_",195638
"Methyl 3-_acetyloxy_-16,19-dihydroxy-4,4,8,12,16-pentamethyl-15,17-dioxoandrost-11-ene-14-carboxylate",129008947
"D-Myo-Inositol, 1-_2-hydroxy-3-_1-oxo-9,12-octadecadienyl_oxy_propyl hydrogen phosphate_, _S-_Z,Z_",45359145
"5,6-dehydro Arachidonic Acid",6443815
Eicosenoic acid,5282768
Sedoheptulose 7-phosphate,616
DL-Glycerol 1-phosphate,439162
3-Amino-4-ethylbenzenesulfonic acid,77278
deoxyguanosine 5_-monophosphate _dGMP,135398597
D-Myoinositol 4-phosphate,440043
Gln-Glu,7020029
UDP-D-galactose,18068
5_-CMP,6131
GDP-L-fucose,439211
Deoxyuridine monophosphate _dUMP,65063
Guanidylic acid _guanosine monophosphate,135398631
URIDINE,6029
Inosine 5_-monophosphate _IMP,135398640
GLUTATHIONE,124886
"S-_1,2-DICARBOXYETHYL_GLUTATHIONE",9802383
dTMP,9700
N-_4-Methylphenyl_methanesulfonamide,835475
XANTHINE,1188
Adenylosuccinate,447145
GUANOSINE,6802
".beta.-Nicotinamide adenine dinucleotide phosphate, reduced",5884
Phe-Ser,193508
Nicotinamide Adenine Dinucleotide Phosphate _NADP,5885
Glu-Val,6992567
DL-Phenylalanine,6140
"N1,N4-Diacetylsulfanilamide",101240
Glu-Met,6426949
Val-Abu-OH,NA
Gln-Ile,57315376
Uridine diphosphate _UDP,6031
Ser-Phe,7009597
DL-Tryptophan,6305
Thr-Phe,7010579
Gamma-Glu-Leu,151023
Hydroxyphenyllactic acid,9378
Trifluridine,6256
E-64,123985
FLAVIN ADENINE DINUCLEOTIDE,643975
5-Phenylisoxazol-3-ol,70318
2-_2-Methoxy-2-oxoethyl_amino_benzoic acid,818219
p-Acetaminobenzoic acid,19266
ACETANILIDE,904
N-_5-_Butylamino_sulfonyl_-2-methoxyphenyl_acetamide,110491
Ile-Ile,13879965
Phe-Leu,76808
Nonanedioic acid,2266
9-Hydroxynonanoic acid,138052
Penicillin G,5904
2-Fluoro-5-methanesulfonylbenzoic acid,22467566
Undecanedioic acid,15816
"_Z_-9,12,13-Trihydroxyoctadec-15-enoic acid",24066906
"9S,10S,11R-trihydroxy-12Z-octadecenoic acid",16061050
2-_4-Tert-Butylphenoxy_propanoic acid,246868
2-Hydroxyibuprofen,10443535
Zingerone,31211
PGG2,5280883
"5.alpha.-Androstan-3.alpha.,17.beta.-diol-O-3-.beta.-glucuronic acid",16727166
1-Oleoyl-2-hydroxy-sn-glycero-3-phospho-_1_-rac-glycerol,132285229
Diacetyl-8-gingerdiol,156373480
FCCP,3330
1-Palmitoyl-2-hydroxy-sn-glycero-3-phosphoethanolamine,9547069
Laurylsulfuric acid,3423265
2-_2-Octanyloxy_carbonyl_benzoic acid,109265
Tyr Thr Gln Arg,NA
_12_13_-EpOME,5356421
PS_18:1_9Z_0:0,9547099
"3,5-Di-tert-butyl-2-hydroxybenzaldehyde",688023
"cis-9,10-Epoxystearic acid",15868
3-Oxostearic acid,5283005
1-Stearoyl-2-hydroxy-sn-glycero-3-phosphoethanolamine,9547068
2-hydroxyhexadecanoic acid,12575964
"8,11-eicosadiynoic acid",1899
Spermine,1103
Ser Tyr,7021866
Phe Ala,5488196
Thr Ile,57281443
Isobutyryl carnitine,168379
Thr Phe,7010580
1-_4-Pyridinyl_-4-piperidinamine,18918608
Ile Leu Asn Asp,NA
4-tert-Butylaniline,69861
Leu Ile Asp Arg,NA
Lumichrome,506
Flunisolide,82153
Ortophosphate,1004
4-Methyl-1H-benzimidazole,1519341
"3-Pyridinecarboxylic acid, 2-_2-phenylethyl_thio_",888706
2-_Ethyl_3-methylphenyl_amino_acetonitrile,113027
"4-Ethynyl-1,1_-biphenyl",34464
Triphenylphosphine oxide,13097
n-Pentadecylamine,17386
"N,N_-Dicyclohexylurea",4277
N-Benzyl-4-methylbenzamide,228681
"N,N-Dimethyloctanamide",14240
_-Myristoylcarnitine,6426854
2-_Methylthio_benzothiazole,11989
Heptadecanoyl Ethanolamide,14455158
Dibenzylamine,7656
"N,N-Bis_2-hydroxyethyl_dodecanamide",8430
Triphenyl phosphate,8289
3-ketosphingosine,440922
D-Tyrosine t-butyl ester,6950582
N-Butylaniline,14310
"3,5-Dimethylpyridine",11565
2-METHYL GRAMINE,181513
Phenylethylamine,1001
Elaidic acid,637517
Stearic acid,5281
2-Ethylaniline,11357
N1-Acetylspermine,916
"N1,N12-Diacetylspermine",132680
"N-_2,4-difluorophenyl_-2-_1,1-dioxo-4H-1_l_6_,2,4-benzothiadiazin-3-yl_acetamide",22588753
Ala Gly Glu,145453586
Cys Gly Glu,145454743
URIDINE 5_-DIPHOSPHO-N-ACETYLGLUCOSAMINE,445675
4-_Methylthio_benzoic acid,83230
Uridine 5_-_trihydrogen diphosphate,6031
.beta.-Nicotinamide adenine dinucleotide,5892
Palmitic acid,985
"N-_2,4-difluorophenyl_-1-_4-_pyrrolidine-1-carbonyl_thiophen-2-yl_sulfonylpiperidine-4-carboxamide",53074722
Leu Asp Cys,145456367
3-Amino-3-_4-hydroxyphenyl_propanoate,6057
PHENACYLAMINE,11952
2-Amino-6-methylbenzonitrile,279973
Leu Glu,7009630
Phe Ser,193508
Thr Tyr,11778518
Phe Thr,10445608
Phe Asp,6992643
Met Glu,7015689
Phe Glu,151134
Glu Tyr,515717
2-_3-Thienylmethyl_malonic acid,268926
Val Tyr,7009555
Ser Leu,7015695
Gln Ile,57315376
Leu Glu Gly,145456413
Ser Phe,7009598
Val Ile,7010532
Ile Glu Ala,145456125
"1,5-Naphthalenediamine",16720
Pentaethylene glycol,62551
3-amino-2-naphthoic acid,22244
2-_4-methoxyphenyl_sulfonylethanamine,16644604
1-cyclopropylsulfonylpiperidine-4-carboxylic acid,25000516
Leu Tyr,273262
Ser Thr Phe,145457888
N-_4-_Aminosulfonyl_phenyl_propanamide,847760
"Methyl 3-_2-methyl-1,3-thiazolidin-4-yl_formamido_propanoate",21299095
Glu Phe,18653118
Ser Trp,14409364
Leu Ile,7010534
5-Isoquinolinol,30386
5-Hydroxyindoleacetic acid,1826
1-cyclohexyl-3-_1-_hydroxymethyl_cyclopropyl_methyl_urea,49670988
Tyr Leu,87071
Flavin adenine dinucleotide _FAD,643975
Ile Leu,7019083
Asn-Pro-Lys,24984626
Biotin sulfone,83863
4-_S_-Amino_carboxy_methyl_-3-methylbenzoic acid,5311261
p-Acetaminobenzaldehyde,73942
Hippuric acid,464
Gln Lys Leu,145455140
Phe Phe,6993090
Trp Leu,6997510
Aldosterone,5839
4-Oxododecanedioic acid,13213508
Trp-Pro-Lys,71471842
4-Methyl-1-phenylpentan-3-one,170307
Pentapropylene glycol,9836244
Latanoprost Lactone Diol,10267038
2alpha-Hydroxyalantolactone,4039117
"3,5-Di-tert-butyl-4-hydroxybenzoic acid",15007
3-phenyl-N-_1-_5-pyrrolidin-1-ylpyrimidin-4-yl_pyrazol-4-yl_propanamide,53189943
Valerenic acid,6042891
"NCGC00381428-01_C25H39NO7_7E_-6-Hydroperoxy-11,12-dihydroxy-3-isobutyl-13-methoxy-4,5,8-trimethyl-3,3a,6,6a,9,10,11,12,13,14-decahydro-1H-cycloundeca_d_isoindole-1,15_2H_-dione",71694483
methyl 2-_2-_4-methylphenyl_azepane-1-carbonyl_amino_acetate,53013151
"1-oxo-N-_4-sulfamoylphenyl_-3,4-dihydroisochromene-3-carboxamide",4973739
Isopalmitic acid,36247
3-_4-Sulfamoylphenyl_propanoic acid,3161908
9-Oxo-9H-fluorene-2-carboxylic acid,69913
"3-_Allyloxy_-N-_1,3-thiazol-2-yl_benzamide",2229515
Hexapropylene glycol,12827208
Brefeldin A,5287620
Benzothiazole,7222
Isostearic acid,21859
3.beta.-Hydroxymevastatin,NA
4-Oxo-4-_3-oxodecan-2-yl_amino_butanoic acid,NA
"NCGC00347634-02_2,3-dihydroxy-10,13-dimethyl-2,3,4,5,6,7,8,14,15,17-decahydro-1H-cyclopenta_a_phenanthrene-12,16-dione",51136569
Phe-Cys,10355684
"1,4-Dioxacyclohexadecane-5,16-dione",41270
Heptapropylene glycol,12827211
2-_4-Morpholinyl_benzothiazole,77901
Val-Asp,7009608
Tris_2-chloroethyl_ phosphate,8295
2.4-Dichlorobenzoic acid,5787
Octapropylene glycol,22051740
"_3E_-4-_2,4,6-Trimethyl-3-cyclohexen-1-yl_-3-buten-2-one",6285057
Dihydroactinidiolide,27209
"N-_2-_5,6-Dimethyl-1H-benzimidazol-2-yl_ethyl_-4-_4H-1,2,4-triazol-4-yl_benzamide",46978227
Methoxyeugenol,226486
Hydrocortisone 21-acetate,5744
N-_oxolan-3-ylmethyl_-N-propylcyclohexanecarboxamide,91915477
16-Oxokahweol,5157251
Diphenylsulfone,31386
_-_-trans-C75,9881506
Linoleamide,6435901
"19-Aldoandrost-4-ene-3,17-dione",92854
"5,6-Benzoflavone",2361
"_4-pyridin-2-ylpiperazin-1-yl_-_4,5,6,7-tetrahydro-1,2-benzoxazol-3-yl_methanone",17254514
"4_-Ethenyl-2_-hydroxy-1,4_,4a-trimethyl-5-oxospiro_2,3,4,7,8,8a-hexahydronaphthalene-6,1_-cyclopentane_-1-carboxylic acid",57509504
Bis_p-methylbenzylidene_sorbitol,11069095
2-Hydroxycinnamic acid,637540
"13-Keto-9Z,11E-octadecadienoic acid",6446027
"_4-phenyl-5-_trifluoromethyl_-1,2,4-triazol-3-yl_methanamine",52416435
"4,4,7a-Trimethyl-3a,5,6,7-tetrahydro-3H-indene-1-carboxylic acid",51136570
9H-xanthen-9-one,7020
tert-butyl p-Toluate,11629749
Sphingosine,5280335
5.alpha.-Androstan-17.beta.-ol-3-one glucosiduronate,44263365
Sphinganine,91486
Acerogenin G,14608480
"2,6-Diisopropylaniline",32484
RUBESCENSIN A,5321010
Met His Lys,145456954
17-Epiestriol,256737
"NCGC00169628-03_C23H36O6_1-Naphthaleneheptanoic acid, 1,2,6,7,8,8a-hexahydro-beta,delta-dihydroxy-2-methyl-8-_2-methyl-1-oxobutoxy_-, _betaR,deltaR,1S,2S,8S,8aR_",23899997
_6_-Gingerol,442793
Pinolenic Acid,5312495
ML 236A_120179,173651
9_10_-Epoxy-12Z-octadecenoic acid,6246154
BOHLMANN K2631,327378
12-OPDA,5280411
CONFERTIFOLINE,442187
MUUROLLADIE-3-ONE,3989419
Diisopropyl phthalate,11799
Aureonitol,25064137
1-Pentadecanoyl-sn-glycero-3-phosphocholine,24779458
"10E,12Z-Octadecadienoic acid",5282800
"3-Hydroxy-2-_9Z,12Z_-octadeca-9,12-dienoyloxy_propyl 2-_trimethylazaniumyl_ethyl phosphate",24871190
Linoleic acid,5280450
"1-O-Hexyl-2,3,5-trimethylhydroquinone",119193
"6-_7-Methyloctyl_-4,6-dihydro-1H,3H-furo_3,4-c_furan-1-one",45359298
2-Arachidonoyl-1-palmitoyl-sn-glycero-3-phosphoethanolamine,71306340
Stearidonic Acid,5312508
Cadabicilone,325292
Isotalatizidine,11452543
Cadalene,10225
"1-Phenanthrenecarboxylic acid, 1,2,3,4,4a,9,10,10a-octahydro-1,4a-dimethyl-7-_1-methylethyl_-9-oxo-, _1R,4aS,10aR_",29212
Microhelenin C,5281483
"11_-hydroxyandrost-4-ene-3,17-dione",94141
LPC 18:3,24779469
Lovastatin hydroxy acid,23689330
R-Deprenyl N-Oxide,11447032
Curlone,196216
"9-Oxo-10E,12Z,15Z-octadecatrienoic acid",11380794
PE_17:0_0:0,52925149
"_2,2-Dimethyl-3,4-dihydro-2H-chromen-6-yl_acetic acid",1768299
"9E,11E-Octadecadienoic acid",5282796
"_1S,7S,8S,8AS_-8-_2-_2R,4R_-4-Hydroxy-6-oxooxan-2-yl_ethyl_-7-methyl-1,2,3,4,4a,7,8,8a-octahydronaphthalen-1-yl_ _2S_-2-methylbutanoate",10000607
FORMESTANE,11273
1-Eicosatrienoyl-sn-glycero-3-phosphoethanolamine,52925141
"15-deoxy-_12,14-Prostaglandin A2",16061104
"16alpha,17alpha-Epoxy-20-oxopregn-5-en-3beta-yl acetate",7659351
"NCGC00180855-02_C23H36O4_2-Pentenoic acid, 3-_acetyloxy_methyl_-5-_1R,4aR,8aR_-decahydro-5,5,8a-trimethyl-2-methylene-1-naphthalenyl_-, methyl ester, _2Z_",23872148
_._-._-Lefetamine,443970
METHOPRENE _S,1711973
"3,6,9,12-Tetraoxatetracosan-1-ol",78933
Farnesyl acetone,1711945
"3-benzyl-2-_furan-2-yl_chromeno_2,3-d_pyrimidine-4,5-dione",666649
Latanoprost ethylamide,10287826
Oleoyl Ethanolamide,5283454
11Z-hexadecenoic acid,5312414
2-Palmitoyl-rac-glycerol,123409
MG_0:0_18:1_9Z_0:0,5319879
L-threo-Sphingosine C-18,11130338
1-piperidinocyclohexylacetylene,305916
"2,3-Dimethylaniline",6893
Tolazoline,5504
Decamethylcyclopentasiloxane,10913
3-_Ethyl_phenyl_amino_propanenitrile,8995
4-_1H-Inden-1-ylidenemethyl_phenylamine,6476992
"4,7-Dimethyl-1,3-benzothiazol-2-ylamine",2049894
Stearamide,31292
Oleoyl Ethyl Amide,53442596
N-Myristoyl-D-erythro-sphingosine,5282310
2-_3-Phenylpropyl_pyridine,459494
Benzphetamine,5311017
5-Ethyl-2-methylpyridine,7728
"2,4,5-Trimethylaniline",8717
13Z-Docosenamide,5365371
"_S_-_-_-N,alpha-Dimethylbenzylamine",2060073
"N,N-Diisopropylaniline",61329
"N,N-Dimethyldodecan-1-amine",8168
"Isoquinoline, 1,2,3,4-tetrahydro-4,4-dimethyl",192172
